engine_id,cycles_observed,rul_true_at_last_cycle,rul_pred_at_last_cycle,abs_error_at_last_cycle,failure_probability_at_last_cycle,risk_band_at_last_cycle
1,31,112,121.8483,9.8483,0.0,Low
2,49,98,122.0995,24.0995,0.0,Low
3,126,69,49.7614,19.2386,0.3092,Low
4,106,82,81.2736,0.7264,0.0042,Low
5,98,91,93.1542,2.1542,0.0029,Low
6,105,93,91.4227,1.5773,0.0001,Low
7,160,91,102.5486,11.5486,0.0,Low
8,166,95,76.2707,18.7293,0.0011,Low
9,55,111,120.505,9.505,0.0006,Low
10,192,96,98.7631,2.7631,0.0011,Low
11,83,97,92.0094,4.9906,0.0497,Low
12,217,124,94.0338,29.9662,0.0,Low
13,195,95,98.6002,3.6002,0.0004,Low
14,46,107,114.5631,7.5631,0.0034,Low
15,76,83,115.0445,32.0445,0.0,Low
16,113,84,94.8822,10.8822,0.0,Low
17,165,50,50.5079,0.5079,0.0008,Low
18,133,28,69.062,41.062,0.1207,Low
19,135,87,97.1927,10.1927,0.0001,Low
20,184,16,16.8845,0.8845,0.9998,High
21,148,57,76.5701,19.5701,0.0003,Low
22,39,111,123.8783,12.8783,0.0002,Low
23,130,113,114.4987,1.4987,0.0,Low
24,186,20,21.8706,1.8706,0.999,High
25,48,145,121.7539,3.2461,0.0001,Low
26,76,119,108.4219,10.5781,0.0,Low
27,140,66,95.4293,29.4293,0.0,Low
28,158,97,93.2243,3.7757,0.0002,Low
29,171,90,87.1468,2.8532,0.0,Low
30,143,115,86.384,28.616,0.0004,Low
31,196,8,13.3568,5.3568,0.9997,High
32,145,48,49.9568,1.9568,0.0031,Low
33,50,106,120.4191,14.4191,0.0026,Low
34,203,7,8.5904,1.5904,1.0,High
35,198,11,8.4783,2.5217,0.9998,High
36,126,19,19.8097,0.8097,0.9938,High
37,121,21,64.2533,43.2533,0.6418,Elevated
38,125,50,43.5986,6.4014,0.4862,Elevated
39,37,142,121.4156,3.5844,0.0,Low
40,133,28,34.3372,6.3372,0.83,High
41,123,18,56.8668,38.8668,0.8718,High
42,156,10,20.8691,10.8691,1.0,High
43,172,59,81.1309,22.1309,0.0349,Low
44,54,109,118.0817,9.0817,0.0002,Low
45,152,114,63.9319,50.0681,0.0114,Low
46,146,47,41.9749,5.0251,0.466,Elevated
47,73,135,106.5996,18.4004,0.0012,Low
48,78,92,113.273,21.273,0.0003,Low
49,303,21,22.3018,1.3018,0.9349,High
50,74,79,102.3451,23.3451,0.0001,Low
51,144,114,90.107,23.893,0.0002,Low
52,189,29,31.8164,2.8164,0.363,Low
53,164,26,35.1561,9.1561,0.7017,Elevated
54,121,97,112.7219,15.7219,0.0,Low
55,113,137,100.214,24.786,0.0001,Low
56,136,15,13.5635,1.4365,0.9975,High
57,160,103,86.7106,16.2894,0.0015,Low
58,176,37,48.0542,11.0542,0.7971,Elevated
59,94,114,114.7672,0.7672,0.0,Low
60,147,100,82.3115,17.6885,0.0003,Low
61,159,21,45.4093,24.4093,0.8405,High
62,232,54,52.6835,1.3165,0.0045,Low
63,155,72,67.9441,4.0559,0.0706,Low
64,168,28,39.4823,11.4823,0.8254,High
65,71,128,123.0379,1.9621,0.0,Low
66,147,14,16.4884,2.4884,0.9998,High
67,71,77,111.08,34.08,0.0,Low
68,187,8,12.1249,4.1249,0.9997,High
69,54,121,121.3917,0.3917,0.0,Low
70,152,94,94.3426,0.3426,0.0001,Low
71,68,118,107.4835,10.5165,0.0,Low
72,131,50,83.0054,33.0054,0.0034,Low
73,112,131,100.9118,24.0882,0.0,Low
74,137,126,78.9445,46.0555,0.0031,Low
75,88,113,101.2221,11.7779,0.0002,Low
76,205,10,11.1649,1.1649,0.9998,High
77,162,34,49.7567,15.7567,0.8776,High
78,72,107,124.1861,17.1861,0.0,Low
79,101,63,91.5999,28.5999,0.0003,Low
80,133,90,88.7007,1.2993,0.0009,Low
81,213,8,7.3591,0.6409,1.0,High
82,162,9,13.1605,4.1605,1.0,High
83,73,137,116.6089,8.3911,0.0,Low
84,172,58,66.9372,8.9372,0.015,Low
85,34,118,122.5093,4.5093,0.0008,Low
86,110,89,90.2977,1.2977,0.001,Low
87,56,116,118.4611,2.4611,0.0,Low
88,68,115,113.4473,1.5527,0.0008,Low
89,177,136,97.2912,27.7088,0.0002,Low
90,146,28,23.6101,4.3899,0.9937,High
91,234,38,23.2362,14.7638,0.691,Elevated
92,150,20,16.7268,3.2732,0.9943,High
93,244,85,43.9524,41.0476,0.1062,Low
94,133,55,56.1469,1.1469,0.1303,Low
95,89,128,105.087,19.913,0.0,Low
96,97,137,112.4135,12.5865,0.0,Low
97,134,82,86.054,4.054,0.0001,Low
98,121,59,74.6877,15.6877,0.0143,Low
99,97,117,121.883,4.883,0.0,Low
100,198,20,20.1097,0.1097,0.9991,High
